Model,Accuracy,AUC-ROC
Stacking Ensemble,0.8220064724919094,0.8466766429729392
XGBoost,0.8090614886731392,0.8272228457413643
Random Forest,0.8381877022653722,0.8263499189425115
